{
  "Character by id" : {
    "transaction" : "Character by id",
    "sampleCount" : 2000,
    "errorCount" : 0,
    "errorPct" : 0.0,
    "meanResTime" : 9.23000000000001,
    "medianResTime" : 7.0,
    "minResTime" : 0.0,
    "maxResTime" : 124.0,
    "pct1ResTime" : 15.0,
    "pct2ResTime" : 23.0,
    "pct3ResTime" : 59.97000000000003,
    "throughput" : 157.44312367157366,
    "receivedKBytesPerSec" : 39.51453396835393,
    "sentKBytesPerSec" : 19.526637408486184
  },
  "Get characters" : {
    "transaction" : "Get characters",
    "sampleCount" : 2000,
    "errorCount" : 0,
    "errorPct" : 0.0,
    "meanResTime" : 1758.745999999999,
    "medianResTime" : 74.5,
    "minResTime" : 1.0,
    "maxResTime" : 12006.0,
    "pct1ResTime" : 4814.700000000001,
    "pct2ResTime" : 5121.799999999999,
    "pct3ResTime" : 7005.0,
    "throughput" : 155.7996416608242,
    "receivedKBytesPerSec" : 71.87361545240321,
    "sentKBytesPerSec" : 19.170659032484227
  },
  "Total" : {
    "transaction" : "Total",
    "sampleCount" : 10000,
    "errorCount" : 0,
    "errorPct" : 0.0,
    "meanResTime" : 357.5330000000006,
    "medianResTime" : 5.0,
    "minResTime" : 0.0,
    "maxResTime" : 12006.0,
    "pct1ResTime" : 94.0,
    "pct2ResTime" : 3633.8499999999967,
    "pct3ResTime" : 5121.959999999999,
    "throughput" : 778.694907335306,
    "receivedKBytesPerSec" : 229.40967929936926,
    "sentKBytesPerSec" : 157.41195880703938
  },
  "Deletion" : {
    "transaction" : "Deletion",
    "sampleCount" : 2000,
    "errorCount" : 0,
    "errorPct" : 0.0,
    "meanResTime" : 6.226499999999995,
    "medianResTime" : 4.0,
    "minResTime" : 0.0,
    "maxResTime" : 63.0,
    "pct1ResTime" : 9.0,
    "pct2ResTime" : 18.0,
    "pct3ResTime" : 43.99000000000001,
    "throughput" : 159.0583744234134,
    "receivedKBytesPerSec" : 38.6772804994433,
    "sentKBytesPerSec" : 33.08538452362017
  },
  "Character change" : {
    "transaction" : "Character change",
    "sampleCount" : 2000,
    "errorCount" : 0,
    "errorPct" : 0.0,
    "meanResTime" : 6.517500000000016,
    "medianResTime" : 4.0,
    "minResTime" : 0.0,
    "maxResTime" : 73.0,
    "pct1ResTime" : 9.0,
    "pct2ResTime" : 18.0,
    "pct3ResTime" : 51.97000000000003,
    "throughput" : 158.52885225110973,
    "receivedKBytesPerSec" : 41.18034638554217,
    "sentKBytesPerSec" : 44.12179969879518
  },
  "Character creation" : {
    "transaction" : "Character creation",
    "sampleCount" : 2000,
    "errorCount" : 0,
    "errorPct" : 0.0,
    "meanResTime" : 6.945000000000006,
    "medianResTime" : 5.0,
    "minResTime" : 0.0,
    "maxResTime" : 71.0,
    "pct1ResTime" : 10.0,
    "pct2ResTime" : 17.0,
    "pct3ResTime" : 52.99000000000001,
    "throughput" : 157.64168046031372,
    "receivedKBytesPerSec" : 40.64199574367463,
    "sentKBytesPerSec" : 43.72093481516513
  }
}