{
  "Character by id" : {
    "transaction" : "Character by id",
    "sampleCount" : 16552,
    "errorCount" : 1489,
    "errorPct" : 8.995892,
    "meanResTime" : 1782.2487312711453,
    "medianResTime" : 12.0,
    "minResTime" : 0.0,
    "maxResTime" : 30013.0,
    "pct1ResTime" : 10001.0,
    "pct2ResTime" : 10002.0,
    "pct3ResTime" : 25450.940000000002,
    "throughput" : 322.33690360272635,
    "receivedKBytesPerSec" : 147.09267739776047,
    "sentKBytesPerSec" : 63.59515731499513
  },
  "Get characters" : {
    "transaction" : "Get characters",
    "sampleCount" : 16552,
    "errorCount" : 2882,
    "errorPct" : 17.411793,
    "meanResTime" : 2631.0278516191397,
    "medianResTime" : 12.0,
    "minResTime" : 0.0,
    "maxResTime" : 47246.0,
    "pct1ResTime" : 10001.0,
    "pct2ResTime" : 10029.349999999999,
    "pct3ResTime" : 26409.290000000008,
    "throughput" : 321.83550456931755,
    "receivedKBytesPerSec" : 350.00814593257826,
    "sentKBytesPerSec" : 57.364644601886056
  },
  "Total" : {
    "transaction" : "Total",
    "sampleCount" : 82760,
    "errorCount" : 4713,
    "errorPct" : 5.69478,
    "meanResTime" : 1064.6823344611032,
    "medianResTime" : 8.0,
    "minResTime" : 0.0,
    "maxResTime" : 47246.0,
    "pct1ResTime" : 23.0,
    "pct2ResTime" : 6034.550000000036,
    "pct3ResTime" : 26067.910000000014,
    "throughput" : 1609.083662240196,
    "receivedKBytesPerSec" : 756.8381020271519,
    "sentKBytesPerSec" : 374.5145383314215
  },
  "Deletion" : {
    "transaction" : "Deletion",
    "sampleCount" : 16552,
    "errorCount" : 0,
    "errorPct" : 0.0,
    "meanResTime" : 22.919647172547137,
    "medianResTime" : 9.0,
    "minResTime" : 0.0,
    "maxResTime" : 289.0,
    "pct1ResTime" : 62.0,
    "pct2ResTime" : 119.0,
    "pct3ResTime" : 186.0,
    "throughput" : 322.99106271709013,
    "receivedKBytesPerSec" : 78.53981896147992,
    "sentKBytesPerSec" : 76.96271416305663
  },
  "Character change" : {
    "transaction" : "Character change",
    "sampleCount" : 16552,
    "errorCount" : 0,
    "errorPct" : 0.0,
    "meanResTime" : 100.30032624456247,
    "medianResTime" : 10.0,
    "minResTime" : 0.0,
    "maxResTime" : 4343.0,
    "pct1ResTime" : 71.70000000000073,
    "pct2ResTime" : 177.0,
    "pct3ResTime" : 3752.470000000001,
    "throughput" : 322.8524615744714,
    "receivedKBytesPerSec" : 83.86597146368105,
    "sentKBytesPerSec" : 89.85639799680112
  },
  "Character creation" : {
    "transaction" : "Character creation",
    "sampleCount" : 16552,
    "errorCount" : 342,
    "errorPct" : 2.0662155,
    "meanResTime" : 786.9151159980673,
    "medianResTime" : 11.0,
    "minResTime" : 0.0,
    "maxResTime" : 28027.0,
    "pct1ResTime" : 226.70000000000073,
    "pct2ResTime" : 7128.099999999991,
    "pct3ResTime" : 10255.470000000001,
    "throughput" : 322.74544213707713,
    "receivedKBytesPerSec" : 98.42710313688214,
    "sentKBytesPerSec" : 87.66193209515454
  }
}