{
  "Character by id" : {
    "transaction" : "Character by id",
    "sampleCount" : 75800,
    "errorCount" : 11489,
    "errorPct" : 15.156992,
    "meanResTime" : 2023.0124142480024,
    "medianResTime" : 272.0,
    "minResTime" : 1.0,
    "maxResTime" : 139705.0,
    "pct1ResTime" : 10002.0,
    "pct2ResTime" : 10031.0,
    "pct3ResTime" : 31031.49000000008,
    "throughput" : 338.13472750712623,
    "receivedKBytesPerSec" : 189.24612098576534,
    "sentKBytesPerSec" : 63.32893088590853
  },
  "Get characters" : {
    "transaction" : "Get characters",
    "sampleCount" : 76617,
    "errorCount" : 12737,
    "errorPct" : 16.624249,
    "meanResTime" : 2352.4886121878944,
    "medianResTime" : 274.0,
    "minResTime" : 4.0,
    "maxResTime" : 167907.0,
    "pct1ResTime" : 10002.0,
    "pct2ResTime" : 10043.95,
    "pct3ResTime" : 32305.26000000012,
    "throughput" : 341.6223012921694,
    "receivedKBytesPerSec" : 5627.749305118961,
    "sentKBytesPerSec" : 62.789532314546044
  },
  "Total" : {
    "transaction" : "Total",
    "sampleCount" : 375009,
    "errorCount" : 54063,
    "errorPct" : 14.416454,
    "meanResTime" : 1976.8761123066604,
    "medianResTime" : 275.0,
    "minResTime" : 1.0,
    "maxResTime" : 167907.0,
    "pct1ResTime" : 10032.0,
    "pct2ResTime" : 30590.0,
    "pct3ResTime" : 102268.0,
    "throughput" : 1628.9370463519201,
    "receivedKBytesPerSec" : 6185.497583869241,
    "sentKBytesPerSec" : 346.7634654546037
  },
  "Deletion" : {
    "transaction" : "Deletion",
    "sampleCount" : 73392,
    "errorCount" : 9411,
    "errorPct" : 12.822924,
    "meanResTime" : 1708.0664650098201,
    "medianResTime" : 275.0,
    "minResTime" : 3.0,
    "maxResTime" : 102291.0,
    "pct1ResTime" : 10002.0,
    "pct2ResTime" : 10034.0,
    "pct3ResTime" : 40283.44000000217,
    "throughput" : 326.91750891994104,
    "receivedKBytesPerSec" : 167.57310857717474,
    "sentKBytesPerSec" : 68.65882046864769
  },
  "Character change" : {
    "transaction" : "Character change",
    "sampleCount" : 74225,
    "errorCount" : 9969,
    "errorPct" : 13.430785,
    "meanResTime" : 1801.627106769949,
    "medianResTime" : 275.0,
    "minResTime" : 2.0,
    "maxResTime" : 102306.0,
    "pct1ResTime" : 10004.0,
    "pct2ResTime" : 10045.95,
    "pct3ResTime" : 51153.990000000005,
    "throughput" : 322.6682896081031,
    "receivedKBytesPerSec" : 175.53292671495643,
    "sentKBytesPerSec" : 78.50584387973569
  },
  "Character creation" : {
    "transaction" : "Character creation",
    "sampleCount" : 74975,
    "errorCount" : 10457,
    "errorPct" : 13.947316,
    "meanResTime" : 1983.023501167065,
    "medianResTime" : 274.0,
    "minResTime" : 4.0,
    "maxResTime" : 154033.0,
    "pct1ResTime" : 10002.0,
    "pct2ResTime" : 10035.95,
    "pct3ResTime" : 58478.0,
    "throughput" : 333.67156659857494,
    "receivedKBytesPerSec" : 184.3681956979844,
    "sentKBytesPerSec" : 80.46161886896576
  }
}