{
  "Character by id" : {
    "transaction" : "Character by id",
    "sampleCount" : 28499,
    "errorCount" : 4006,
    "errorPct" : 14.056634,
    "meanResTime" : 2231.0674409628436,
    "medianResTime" : 217.0,
    "minResTime" : 2.0,
    "maxResTime" : 102255.0,
    "pct1ResTime" : 10001.0,
    "pct2ResTime" : 10032.0,
    "pct3ResTime" : 50126.96000000001,
    "throughput" : 250.6817022324649,
    "receivedKBytesPerSec" : 136.28108101756152,
    "sentKBytesPerSec" : 47.317883111157045
  },
  "Get characters" : {
    "transaction" : "Get characters",
    "sampleCount" : 30619,
    "errorCount" : 6629,
    "errorPct" : 21.649956,
    "meanResTime" : 2764.1041510173304,
    "medianResTime" : 217.0,
    "minResTime" : 2.0,
    "maxResTime" : 66075.0,
    "pct1ResTime" : 10002.0,
    "pct2ResTime" : 10050.0,
    "pct3ResTime" : 52261.65000000037,
    "throughput" : 365.5607158633699,
    "receivedKBytesPerSec" : 1717.9355702633447,
    "sentKBytesPerSec" : 64.14134647097626
  },
  "Total" : {
    "transaction" : "Total",
    "sampleCount" : 140794,
    "errorCount" : 19543,
    "errorPct" : 13.880563,
    "meanResTime" : 1784.9667812548903,
    "medianResTime" : 252.0,
    "minResTime" : 1.0,
    "maxResTime" : 102255.0,
    "pct1ResTime" : 10014.0,
    "pct2ResTime" : 11967.0,
    "pct3ResTime" : 57426.990000000005,
    "throughput" : 1237.0317002881845,
    "receivedKBytesPerSec" : 1753.8149482360784,
    "sentKBytesPerSec" : 264.4388578659854
  },
  "Deletion" : {
    "transaction" : "Deletion",
    "sampleCount" : 26890,
    "errorCount" : 2800,
    "errorPct" : 10.412793,
    "meanResTime" : 1115.9253625883218,
    "medianResTime" : 216.0,
    "minResTime" : 2.0,
    "maxResTime" : 30039.0,
    "pct1ResTime" : 10001.0,
    "pct2ResTime" : 10021.0,
    "pct3ResTime" : 10180.0,
    "throughput" : 322.8905246220536,
    "receivedKBytesPerSec" : 151.1474465726654,
    "sentKBytesPerSec" : 69.32785801342476
  },
  "Character change" : {
    "transaction" : "Character change",
    "sampleCount" : 27194,
    "errorCount" : 2926,
    "errorPct" : 10.759727,
    "meanResTime" : 1259.5099286607324,
    "medianResTime" : 217.0,
    "minResTime" : 2.0,
    "maxResTime" : 66510.0,
    "pct1ResTime" : 10001.0,
    "pct2ResTime" : 10019.0,
    "pct3ResTime" : 10211.0,
    "throughput" : 279.17338233633444,
    "receivedKBytesPerSec" : 138.71708947581845,
    "sentKBytesPerSec" : 69.57650658242565
  },
  "Character creation" : {
    "transaction" : "Character creation",
    "sampleCount" : 27592,
    "errorCount" : 3182,
    "errorPct" : 11.532329,
    "meanResTime" : 1407.5446143809818,
    "medianResTime" : 219.0,
    "minResTime" : 1.0,
    "maxResTime" : 70014.0,
    "pct1ResTime" : 10001.0,
    "pct2ResTime" : 10007.0,
    "pct3ResTime" : 10140.0,
    "throughput" : 303.64590784535983,
    "receivedKBytesPerSec" : 155.46208905471062,
    "sentKBytesPerSec" : 74.77406520650607
  }
}