{
  "Character by id" : {
    "transaction" : "Character by id",
    "sampleCount" : 100,
    "errorCount" : 0,
    "errorPct" : 0.0,
    "meanResTime" : 7.370000000000002,
    "medianResTime" : 3.5,
    "minResTime" : 1.0,
    "maxResTime" : 39.0,
    "pct1ResTime" : 22.900000000000006,
    "pct2ResTime" : 27.94999999999999,
    "pct3ResTime" : 38.969999999999985,
    "throughput" : 123.91573729863693,
    "receivedKBytesPerSec" : 31.09994578686493,
    "sentKBytesPerSec" : 15.368455700123915
  },
  "Get characters" : {
    "transaction" : "Get characters",
    "sampleCount" : 100,
    "errorCount" : 0,
    "errorPct" : 0.0,
    "meanResTime" : 21.17,
    "medianResTime" : 8.0,
    "minResTime" : 1.0,
    "maxResTime" : 74.0,
    "pct1ResTime" : 57.900000000000006,
    "pct2ResTime" : 70.0,
    "pct3ResTime" : 73.99,
    "throughput" : 116.0092807424594,
    "receivedKBytesPerSec" : 43.353937064965194,
    "sentKBytesPerSec" : 14.27457946635731
  },
  "Total" : {
    "transaction" : "Total",
    "sampleCount" : 500,
    "errorCount" : 0,
    "errorPct" : 0.0,
    "meanResTime" : 9.285999999999994,
    "medianResTime" : 3.0,
    "minResTime" : 1.0,
    "maxResTime" : 74.0,
    "pct1ResTime" : 22.0,
    "pct2ResTime" : 49.799999999999955,
    "pct3ResTime" : 70.0,
    "throughput" : 576.7012687427913,
    "receivedKBytesPerSec" : 159.79581170703577,
    "sentKBytesPerSec" : 116.57926038062284
  },
  "Deletion" : {
    "transaction" : "Deletion",
    "sampleCount" : 100,
    "errorCount" : 0,
    "errorPct" : 0.0,
    "meanResTime" : 5.5100000000000025,
    "medianResTime" : 3.0,
    "minResTime" : 1.0,
    "maxResTime" : 22.0,
    "pct1ResTime" : 19.0,
    "pct2ResTime" : 21.0,
    "pct3ResTime" : 21.989999999999995,
    "throughput" : 131.57894736842104,
    "receivedKBytesPerSec" : 31.99527138157895,
    "sentKBytesPerSec" : 27.369449013157894
  },
  "Character change" : {
    "transaction" : "Character change",
    "sampleCount" : 100,
    "errorCount" : 0,
    "errorPct" : 0.0,
    "meanResTime" : 5.509999999999998,
    "medianResTime" : 3.0,
    "minResTime" : 1.0,
    "maxResTime" : 38.0,
    "pct1ResTime" : 15.0,
    "pct2ResTime" : 18.94999999999999,
    "pct3ResTime" : 37.82999999999991,
    "throughput" : 128.70012870012872,
    "receivedKBytesPerSec" : 33.431869369369366,
    "sentKBytesPerSec" : 35.81986003861004
  },
  "Character creation" : {
    "transaction" : "Character creation",
    "sampleCount" : 100,
    "errorCount" : 0,
    "errorPct" : 0.0,
    "meanResTime" : 6.87,
    "medianResTime" : 3.0,
    "minResTime" : 1.0,
    "maxResTime" : 35.0,
    "pct1ResTime" : 21.0,
    "pct2ResTime" : 22.0,
    "pct3ResTime" : 34.929999999999964,
    "throughput" : 125.1564455569462,
    "receivedKBytesPerSec" : 32.266896120150186,
    "sentKBytesPerSec" : 34.711357947434294
  }
}