{
  "Character by id" : {
    "transaction" : "Character by id",
    "sampleCount" : 10512,
    "errorCount" : 238,
    "errorPct" : 2.264079,
    "meanResTime" : 506.60359589040974,
    "medianResTime" : 123.0,
    "minResTime" : 1.0,
    "maxResTime" : 28008.0,
    "pct1ResTime" : 166.0,
    "pct2ResTime" : 201.0,
    "pct3ResTime" : 10001.0,
    "throughput" : 265.4143311619452,
    "receivedKBytesPerSec" : 80.3681891632581,
    "sentKBytesPerSec" : 32.17231724675554
  },
  "Get characters" : {
    "transaction" : "Get characters",
    "sampleCount" : 10922,
    "errorCount" : 323,
    "errorPct" : 2.9573338,
    "meanResTime" : 1699.2359457974712,
    "medianResTime" : 125.5,
    "minResTime" : 2.0,
    "maxResTime" : 29958.0,
    "pct1ResTime" : 188.0,
    "pct2ResTime" : 10001.0,
    "pct3ResTime" : 29656.77,
    "throughput" : 352.41352607124423,
    "receivedKBytesPerSec" : 8057.6715740150685,
    "sentKBytesPerSec" : 42.08098309644424
  },
  "Total" : {
    "transaction" : "Total",
    "sampleCount" : 51818,
    "errorCount" : 737,
    "errorPct" : 1.4222857,
    "meanResTime" : 575.5930564668673,
    "medianResTime" : 156.0,
    "minResTime" : 1.0,
    "maxResTime" : 29958.0,
    "pct1ResTime" : 180.0,
    "pct2ResTime" : 324.0,
    "pct3ResTime" : 29615.0,
    "throughput" : 1041.253893298503,
    "receivedKBytesPerSec" : 5244.948013475836,
    "sentKBytesPerSec" : 206.4493353134733
  },
  "Deletion" : {
    "transaction" : "Deletion",
    "sampleCount" : 9984,
    "errorCount" : 0,
    "errorPct" : 0.0,
    "meanResTime" : 118.20202323717949,
    "medianResTime" : 121.0,
    "minResTime" : 2.0,
    "maxResTime" : 210.0,
    "pct1ResTime" : 162.0,
    "pct2ResTime" : 167.0,
    "pct3ResTime" : 189.0,
    "throughput" : 325.3070932846763,
    "receivedKBytesPerSec" : 79.10299436316836,
    "sentKBytesPerSec" : 67.66641686487895
  },
  "Character change" : {
    "transaction" : "Character change",
    "sampleCount" : 10046,
    "errorCount" : 0,
    "errorPct" : 0.0,
    "meanResTime" : 118.24367907624911,
    "medianResTime" : 122.0,
    "minResTime" : 1.0,
    "maxResTime" : 211.0,
    "pct1ResTime" : 162.0,
    "pct2ResTime" : 168.0,
    "pct3ResTime" : 189.0,
    "throughput" : 326.87990108352585,
    "receivedKBytesPerSec" : 84.91216180490026,
    "sentKBytesPerSec" : 90.97731621953601
  },
  "Character creation" : {
    "transaction" : "Character creation",
    "sampleCount" : 10354,
    "errorCount" : 176,
    "errorPct" : 1.6998261,
    "meanResTime" : 345.14236044040933,
    "medianResTime" : 122.0,
    "minResTime" : 2.0,
    "maxResTime" : 28009.0,
    "pct1ResTime" : 164.0,
    "pct2ResTime" : 175.0,
    "pct3ResTime" : 10001.0,
    "throughput" : 208.57758707519994,
    "receivedKBytesPerSec" : 61.86544388710945,
    "sentKBytesPerSec" : 56.86437999838843
  }
}